{"1024": {"hash_md5": {"time": 0.41984593868255615, "memory": 20.4296875, "cpu": 16.169999999999998}, "hash_sha1": {"time": 0.42108941078186035, "memory": 20.4375, "cpu": 32.42}, "hash_sha256": {"time": 0.42427217960357666, "memory": 19.1828125, "cpu": 23.630000000000003}, "hash_crc32": {"time": 0.42113070487976073, "memory": 16.234375, "cpu": 22.71}}, "52428800": {"hash_md5": {"time": 0.8592886686325073, "memory": 416.203125, "cpu": 22.889999999999997}, "hash_sha1": {"time": 1.5322660207748413, "memory": 414.9828125, "cpu": 30.9}, "hash_sha256": {"time": 3.223060369491577, "memory": 412.871875, "cpu": 33.13}, "hash_crc32": {"time": 0.24840855598449707, "memory": 413.003125, "cpu": 22.669999999999998}}}